Search,Cost,Clicks,Impressions,Conversions
faa academy housing,$48.89,18,120,0.00
faa housing,$16.40,6,64,0.00
faa crashpads,$22.79,9,62,0.00
kims place okc,$11.01,4,26,0.00
faa housing list,$22.39,7,22,0.00
faa housing okc,$7.25,3,17,0.00
faa atc academy housing,$6.46,2,11,0.00
faa student housing,$6.06,2,11,0.00
faa crash pads,$11.67,5,10,0.00
faa okc housing,$2.00,1,9,0.00
kim's place okc,$6.76,2,8,0.00
atc academy housing,$2.82,1,6,0.00
okc faa housing,$4.33,2,6,0.00
does the faa academy provide housing,$0.00,0,5,0.00
faa apartments,$0.00,0,5,0.00
faa housing oklahoma city,$2.24,1,5,0.00
atc housing,$0.00,0,4,0.00
anatole okc faa,$0.00,0,2,0.00
best faa housing okc,$0.00,0,2,0.00
faa housing in okc,$4.78,2,2,0.00
kim's place oklahoma city,$2.47,1,2,0.00
oklahoma city faa housing,$3.33,1,2,0.00
does faa academy provide housing,$0.00,0,1,0.00
